{"cameraMode":{"drawMode":0,"name":"Shaded","section":"Shading Mode"},"sceneLighting":true,"audioPlay":false,"sceneViewState":{"showFog":true,"showMaterialUpdate":false,"showSkybox":true,"showFlares":true,"showImageEffects":true,"showParticleSystems":true},"in2DMode":false,"pivot":{"x":2.430765151977539,"y":3.1402111053466799,"z":-1.3081754446029664},"rotation":{"x":-0.06512106955051422,"y":-0.798245370388031,"z":-0.08775945007801056,"w":0.5923433899879456},"size":2.326247215270996,"orthographic":false}